{"training_accuracy":74.5625,"validation_accuracy":49.42471235617809,"_wandb":{"runtime":650},"_runtime":590.897149746,"training_loss":0.7988104395866394,"_step":48,"epoch":49,"validation_loss":1.515104978546135,"_timestamp":1.7440556205365622e+09}