{"epoch":7,"training_loss":0.14983081278204918,"validation_loss":0.8891483024098147,"validation_accuracy":77.03851925962981,"_step":6,"_wandb":{"runtime":291},"_timestamp":1.744116407516572e+09,"_runtime":231.908701078,"training_accuracy":95.275}