{"validation_loss":1.8368740820658094,"validation_accuracy":41.02051025512756,"_runtime":202.5756884,"_timestamp":1.744028849729296e+09,"epoch":16,"training_loss":0.42710315990448,"_step":15,"_wandb":{"runtime":262},"training_accuracy":90.3875}