{"training_loss":1.654048532485962,"validation_accuracy":37.218609304652325,"training_accuracy":41.9,"_timestamp":1.7440232341275244e+09,"validation_loss":1.7884734056781924,"_wandb":{"runtime":125},"_runtime":125.481932302,"epoch":10,"_step":9}