{"epoch":20,"_wandb":{"runtime":410},"validation_accuracy":76.38819409704853,"training_accuracy":83.8125,"_step":19,"validation_loss":0.7131676960581836,"_timestamp":1.7441363472580452e+09,"_runtime":290.635485859,"training_loss":0.48966967368125913}