{"training_loss":0.8971599016189575,"validation_loss":0.8500187484964006,"validation_accuracy":73.23661830915458,"training_accuracy":71.15,"_wandb":{"runtime":413},"_runtime":293.634228546,"_step":19,"_timestamp":1.7441379681135652e+09,"epoch":20}