{"validation_accuracy":48.124062031015505,"_timestamp":1.744052547896126e+09,"epoch":50,"training_loss":1.3069500527381896,"_step":49,"validation_loss":1.5022408583570923,"_runtime":605.835700152,"_wandb":{"runtime":666},"training_accuracy":51.775000000000006}