{"validation_accuracy":54.47723861930965,"_step":19,"training_loss":1.9466360034942627,"training_accuracy":50.475,"_wandb":{"runtime":425},"epoch":20,"validation_loss":1.937145939226327,"_timestamp":1.7441371208880336e+09,"_runtime":305.280042962}