{"_wandb":{"runtime":409},"_runtime":409.424053022,"training_loss":2.0081036937236787,"training_accuracy":28.6125,"validation_loss":2.055400254369796,"_timestamp":1.7440236497195044e+09,"_step":9,"validation_accuracy":25.312656328164078,"epoch":10}