{"training_loss":1.9028224511146545,"training_accuracy":33.6,"epoch":10,"_timestamp":1.7440225449906611e+09,"validation_accuracy":30.465232616308153,"validation_loss":1.9402096405096088,"_wandb":{"runtime":87},"_step":9,"_runtime":87.241868151}