{"training_accuracy":67.8875,"validation_loss":1.5226333308899742,"validation_accuracy":49.12456228114057,"epoch":50,"_runtime":601.802543808,"_timestamp":1.7440538813648555e+09,"training_loss":0.9420902843475342,"_step":49,"_wandb":{"runtime":661}}