{"_wandb":{"runtime":300},"_runtime":240.498786621,"epoch":18,"_timestamp":1.7440285817397978e+09,"validation_loss":1.918813370775735,"training_accuracy":95.675,"validation_accuracy":39.21960980490245,"_step":17,"training_loss":0.28583033084869386}