{"validation_accuracy":71.73586793396697,"_timestamp":1.7441359295293183e+09,"training_accuracy":69.9625,"validation_loss":1.0378975555144172,"_step":19,"epoch":20,"_wandb":{"runtime":410},"training_loss":0.9524885458946228,"_runtime":290.301210435}