{"epoch":50,"validation_accuracy":45.92296148074037,"training_loss":1.3746089468002318,"validation_loss":1.5776121567463266,"training_accuracy":52.412499999999994,"_runtime":590.653702554,"_step":49,"_timestamp":1.744060097370699e+09,"_wandb":{"runtime":650}}