{"_timestamp":1.7440397667877355e+09,"_wandb":{"runtime":909},"training_loss":1.0408850209712983,"epoch":77,"_runtime":905.082969922,"validation_accuracy":47.67383691845923,"_step":76,"training_accuracy":63.0875,"validation_loss":1.5186628577350199}