{"training_loss":0.06293298620730639,"_step":6,"_runtime":205.113287199,"validation_loss":0.5119337683292912,"_timestamp":1.7441166918901477e+09,"training_accuracy":97.9375,"_wandb":{"runtime":265},"epoch":7,"validation_accuracy":86.5432716358179}