{"training_loss":1.5757090740203858,"_step":9,"_wandb":{"runtime":88},"validation_accuracy":33.46673336668334,"training_accuracy":45.475,"epoch":10,"validation_loss":1.9281299815528568,"_runtime":88.687975438,"_timestamp":1.7440237452938898e+09}