{"_runtime":202.538369343,"_step":25,"validation_accuracy":38.46923461730866,"epoch":26,"training_loss":1.3565647175312043,"training_accuracy":53.625,"_wandb":{"runtime":262},"validation_loss":1.769158572957419,"_timestamp":1.7440429548925865e+09}