{"_runtime":28.177229412,"_step":1,"validation_loss":2.3096049156351173,"_timestamp":1.7441329907289524e+09,"_wandb":{"runtime":30},"epoch":2,"training_loss":2.3112261781692505,"training_accuracy":9.9375,"validation_accuracy":9.704852426213106}