{"_runtime":216.182916145,"_timestamp":1.7440426750515447e+09,"_wandb":{"runtime":276},"training_accuracy":45.9,"epoch":27,"validation_accuracy":34.31715857928965,"_step":26,"training_loss":1.5357621145248412,"validation_loss":1.8820786412922723}