{"_timestamp":1.7440282758789818e+09,"epoch":14,"training_loss":0.15744563817977905,"_step":13,"validation_accuracy":38.36918459229614,"_runtime":194.15431374,"_wandb":{"runtime":254},"validation_loss":2.018909874351219,"training_accuracy":97.75}