{"_timestamp":1.7440566767293332e+09,"validation_accuracy":44.32216108054027,"training_loss":0.9261650109291076,"_runtime":330.392484518,"epoch":28,"training_accuracy":71.05,"_wandb":{"runtime":390},"validation_loss":1.7090556759903466,"_step":27}