{"validation_accuracy":35.867933966983486,"_runtime":242.618139219,"training_accuracy":76.5625,"epoch":20,"training_loss":0.6627818553447723,"_timestamp":1.7440280083622518e+09,"_wandb":{"runtime":302},"validation_loss":2.059472928051951,"_step":19}