{"training_accuracy":37.512499999999996,"validation_accuracy":33.366683341670836,"_wandb":{"runtime":127},"_runtime":127.113507519,"_timestamp":1.7440239737577708e+09,"_step":9,"validation_loss":1.8959605628815575,"epoch":10,"training_loss":1.791311346054077}