{"training_loss":0.8610289754867554,"validation_accuracy":49.6248124062031,"_timestamp":1.7440518702023232e+09,"_runtime":475.955087154,"validation_loss":1.5368537005333378,"_step":39,"training_accuracy":70.125,"_wandb":{"runtime":535},"epoch":40}