{"_runtime":592.855667556,"_wandb":{"runtime":653},"training_loss":1.2093657102584838,"validation_accuracy":47.42371185592796,"training_accuracy":57.487500000000004,"validation_loss":1.5805406659886263,"_step":49,"_timestamp":1.7440582247829738e+09,"epoch":50}