{"validation_accuracy":41.32066033016508,"_step":41,"_timestamp":1.7440441687960787e+09,"_runtime":345.933744853,"training_accuracy":56.862500000000004,"training_loss":1.261280294418335,"validation_loss":1.6666153602566702,"epoch":42,"_wandb":{"runtime":405}}