{"validation_loss":1.7921250609530992,"_wandb":{"runtime":226},"_timestamp":1.744041996601165e+09,"epoch":21,"_runtime":166.797519246,"_step":20,"validation_accuracy":39.66983491745873,"training_loss":1.0184732172489166,"training_accuracy":65.4875}