{"training_loss":0.07448024338483811,"validation_accuracy":75.18759379689844,"training_accuracy":98.28750000000001,"_step":7,"validation_loss":0.8004871006904094,"_wandb":{"runtime":131},"_runtime":71.015839115,"_timestamp":1.7441157347576246e+09,"epoch":8}