{"epoch":2,"validation_accuracy":10.205102551275639,"_timestamp":1.7440510664195502e+09,"_step":1,"_wandb":{"runtime":27},"training_loss":4486.123051757812,"training_accuracy":10.8125,"validation_loss":3483.0561039797244,"_runtime":25.431856815}