{"training_loss":0.039507147710770366,"training_accuracy":98.8125,"_step":6,"validation_accuracy":81.64082041020511,"_wandb":{"runtime":568},"epoch":7,"validation_loss":0.7283238667571705,"_timestamp":1.7441172640028903e+09,"_runtime":508.747327476}