{"_wandb":{"runtime":357},"validation_loss":1.7077468266303448,"_timestamp":1.7440570392305968e+09,"epoch":25,"_step":24,"training_accuracy":69.69999999999999,"validation_accuracy":43.37168584292146,"_runtime":297.008911105,"training_loss":0.9429083466529846}