{"_runtime":324.100637403,"validation_accuracy":37.918959479739875,"epoch":40,"validation_loss":1.8091901845488327,"_step":39,"training_loss":1.5293712167739868,"_wandb":{"runtime":384},"_timestamp":1.7440437575348275e+09,"training_accuracy":46.575}