{"epoch":42,"_wandb":{"runtime":389},"_timestamp":1.7440423925184398e+09,"_runtime":328.98187345,"training_loss":1.2838428180217742,"training_accuracy":54.9875,"validation_accuracy":43.57178589294647,"_step":41,"validation_loss":1.6217854487532195}