{"epoch":20,"training_accuracy":70.8125,"validation_loss":0.8691739308470305,"_step":19,"validation_accuracy":72.98649324662331,"_wandb":{"runtime":407},"training_loss":0.9129829161167144,"_timestamp":1.744133848946584e+09,"_runtime":286.900620647}