{"_wandb":{"runtime":414},"training_accuracy":85.8,"_runtime":293.996919939,"_timestamp":1.7441388652592468e+09,"validation_loss":0.7046793481896912,"epoch":20,"validation_accuracy":77.33866933466733,"training_loss":0.45038061738014223,"_step":19}