{"epoch":17,"validation_accuracy":39.51975987993997,"training_loss":0.4911226150989533,"_step":16,"_wandb":{"runtime":294},"training_accuracy":84.89999999999999,"_timestamp":1.7440272021919096e+09,"_runtime":234.562872982,"validation_loss":1.9042405184058322}