{"_step":40,"validation_accuracy":42.671335667833915,"_runtime":337.479857148,"_wandb":{"runtime":397},"training_accuracy":57.8125,"epoch":41,"training_loss":1.2361057348251343,"validation_loss":1.6903841008300362,"_timestamp":1.7440433600908241e+09}