{"epoch":20,"training_accuracy":82.125,"_runtime":289.998737829,"validation_loss":0.6624790817096629,"_timestamp":1.744135512829956e+09,"_step":19,"_wandb":{"runtime":410},"training_loss":0.5429238528609276,"validation_accuracy":78.83941970985492}