{"validation_accuracy":37.26863431715858,"_timestamp":1.744041032129116e+09,"training_loss":1.3152306374311447,"training_accuracy":55.074999999999996,"_step":20,"_runtime":164.578857378,"epoch":21,"_wandb":{"runtime":224},"validation_loss":1.8274574756264508}