{"validation_accuracy":41.620810405202604,"_timestamp":1.7440277006678884e+09,"_wandb":{"runtime":248},"epoch":15,"_step":14,"training_loss":0.5018141543865204,"training_accuracy":87.75,"validation_loss":1.814595741292964,"_runtime":188.7659696}