{"_runtime":462.335198459,"_wandb":{"runtime":522},"epoch":39,"_step":38,"training_accuracy":59.087500000000006,"validation_loss":1.626884278623744,"_timestamp":1.7440575678517127e+09,"training_loss":1.1738041844367981,"validation_accuracy":44.37218609304652}