{"training_loss":0.9454951385259628,"_step":14,"training_accuracy":69.9875,"_runtime":215.813979134,"validation_loss":1.6232264181445275,"_wandb":{"runtime":335},"validation_accuracy":69.88494247123562,"_timestamp":1.744136688111084e+09,"epoch":15}