{"_runtime":295.093309362,"training_loss":0.8419734802246094,"validation_loss":0.8419630767525047,"epoch":20,"training_accuracy":72.8125,"validation_accuracy":72.53626813406704,"_timestamp":1.744140025546856e+09,"_step":19,"_wandb":{"runtime":415}}