{"epoch":20,"validation_accuracy":39.21960980490245,"validation_loss":1.9849677375103605,"_runtime":258.841954621,"training_loss":0.6524454056024551,"_step":19,"training_accuracy":76.75,"_wandb":{"runtime":318},"_timestamp":1.7440263155566318e+09}