{"_runtime":455.820482772,"epoch":38,"_wandb":{"runtime":515},"training_loss":1.1411265273094178,"validation_loss":1.6321245504654067,"validation_accuracy":44.422211105552776,"_timestamp":1.7440549633662982e+09,"training_accuracy":61.875,"_step":37}