{"_wandb":{"runtime":656},"validation_loss":1.4719022694917367,"_step":49,"validation_accuracy":50.22511255627814,"training_loss":1.277573920249939,"_runtime":595.844727992,"epoch":50,"_timestamp":1.7440594384276433e+09,"training_accuracy":55.2625}