{"validation_loss":0.46027600470037683,"epoch":20,"training_accuracy":94.0125,"_wandb":{"runtime":792},"_step":19,"validation_accuracy":86.59329664832416,"_timestamp":1.74413508874914e+09,"_runtime":672.529972953,"training_loss":0.18727912820875645}