{"_runtime":486.313071369,"validation_accuracy":42.77138569284642,"_timestamp":1.74405877738952e+09,"training_loss":0.8637577967643738,"epoch":41,"validation_loss":1.7047501930062208,"_wandb":{"runtime":546},"_step":40,"training_accuracy":72.6125}