{"training_accuracy":97.075,"_timestamp":1.7440274465108235e+09,"_runtime":176.853699444,"_step":12,"validation_loss":2.0789313299647567,"training_loss":0.17894981718063355,"_wandb":{"runtime":236},"validation_accuracy":37.06853426713357,"epoch":13}