{"_runtime":280.507099562,"validation_loss":2.47294414878309,"validation_accuracy":73.63681840920461,"_wandb":{"runtime":400},"training_loss":0.9195210552215576,"_step":19,"training_accuracy":70.6625,"epoch":20,"_timestamp":1.7441334366990852e+09}