{"_wandb":{"runtime":90},"validation_loss":1.8543718346600058,"validation_accuracy":35.06753376688344,"_timestamp":1.7440238421707177e+09,"_step":9,"_runtime":90.299807357,"training_loss":1.61282839012146,"training_accuracy":43.725,"epoch":10}