{"_wandb":{"runtime":651},"_timestamp":1.744056280009406e+09,"validation_accuracy":46.673336668334166,"epoch":50,"_runtime":591.428221947,"validation_loss":1.5751141412309433,"training_accuracy":61.425,"_step":49,"training_loss":1.1192876677513122}