{"training_accuracy":96.96249999999999,"validation_loss":0.8369585326935661,"_runtime":95.84753762,"training_loss":0.1254852115213871,"validation_accuracy":74.78739369684843,"_step":8,"_timestamp":1.744116107497898e+09,"epoch":9,"_wandb":{"runtime":155}}