{"training_loss":1.680871929168701,"_wandb":{"runtime":152},"validation_loss":1.9713445202358488,"_runtime":152.14729187,"training_accuracy":41.85,"epoch":10,"_timestamp":1.7440227114995308e+09,"_step":9,"validation_accuracy":30.515257628814407}