{"_wandb":{"runtime":90},"_runtime":90.828036051,"validation_accuracy":30.415207603801903,"_step":9,"epoch":10,"validation_loss":1.9681535674787392,"_timestamp":1.7440242018548818e+09,"training_accuracy":47.725,"training_loss":1.5394454565048217}