{"validation_loss":1.7959813947019247,"validation_accuracy":38.36918459229614,"training_loss":1.4018660402297973,"training_accuracy":51.475,"_wandb":{"runtime":432},"_runtime":372.532124797,"_timestamp":1.7440417517897916e+09,"epoch":46,"_step":45}