{"validation_loss":1.8605108154959056,"_runtime":123.786976872,"_wandb":{"runtime":123},"training_loss":1.524825291633606,"training_accuracy":47.475,"_timestamp":1.7440241033141255e+09,"epoch":10,"validation_accuracy":33.616808404202104,"_step":9}