{"_wandb":{"runtime":255},"_runtime":195.703420608,"_timestamp":1.7440268941907783e+09,"_step":14,"training_loss":0.5493823947906494,"validation_loss":1.8683055883171917,"training_accuracy":85.0125,"epoch":15,"validation_accuracy":38.11905952976488}