{"_runtime":206.352112253,"epoch":26,"training_loss":1.159646900177002,"validation_accuracy":36.66833416708354,"training_accuracy":60.8625,"_wandb":{"runtime":266},"_step":25,"validation_loss":1.8893934546738282,"_timestamp":1.7440413058432784e+09}